X,Y,park_name,address,amigo_id
-46.6587231410775,-23.5870465600405,Parque Ibirapuera,"Av. Pedro Álvares Cabral - Vila Mariana, São Paulo - SP, 04094-050",a2f0406e3b5f4d3482735b3d56aebb22
-46.4539270612697,-23.4915545557065,Parque Jacui,"Jardim Nair, Brasil",bcfb7c428ba748d4a826401feabec99b
-46.4615651488717,-23.5835091547816,Parque do Carmo,"Av. Afonso de Sampaio e Sousa, 951",604811380065439c81997d18c1664497
-46.6187335717075,-23.6511513166845,Sao Paulo Zoo,"Av. Miguel Estéfno, 4241 - Vila Santo Estefano",6203c3d74fc54fb0a8f0850e90f50218
